{"cameraMode":{"drawMode":0,"name":"Shaded","section":"Shading Mode"},"sceneLighting":true,"audioPlay":false,"sceneViewState":{"showFog":true,"showMaterialUpdate":true,"showSkybox":true,"showFlares":true,"showImageEffects":true,"showParticleSystems":true},"in2DMode":false,"pivot":{"x":461.9640197753906,"y":315.6593322753906,"z":-77.36517333984375},"rotation":{"x":-0.020635206252336503,"y":-0.07192827761173248,"z":-0.001486956374719739,"w":0.997199535369873},"size":89.53350830078125,"orthographic":false}