{"cameraMode":{"drawMode":0,"name":"Shaded","section":"Shading Mode"},"sceneLighting":true,"audioPlay":false,"sceneViewState":{"showFog":true,"showMaterialUpdate":true,"showSkybox":true,"showFlares":true,"showImageEffects":true,"showParticleSystems":true},"in2DMode":false,"pivot":{"x":533.8955078125,"y":301.6370544433594,"z":-414.8100891113281},"rotation":{"x":0.052745427936315539,"y":0.0389309823513031,"z":-0.0020578678231686355,"w":0.9978494048118591},"size":10.0,"orthographic":false}