{"cameraMode":{"drawMode":0,"name":"Shaded","section":"Shading Mode"},"sceneLighting":false,"audioPlay":false,"sceneViewState":{"showFog":true,"showMaterialUpdate":true,"showSkybox":false,"showFlares":true,"showImageEffects":true,"showParticleSystems":true},"in2DMode":false,"pivot":{"x":2.341510772705078,"y":-4.070407390594482,"z":5.279021739959717},"rotation":{"x":0.2722797393798828,"y":0.11511778086423874,"z":-0.032829493284225467,"w":0.9547487497329712},"size":14.0552978515625,"orthographic":false}