{"cameraMode":{"drawMode":0,"name":"Shaded","section":"Shading Mode"},"sceneLighting":true,"audioPlay":false,"sceneViewState":{"showFog":true,"showMaterialUpdate":true,"showSkybox":true,"showFlares":true,"showImageEffects":true,"showParticleSystems":true},"in2DMode":false,"pivot":{"x":522.059814453125,"y":267.2043151855469,"z":-882.8145141601563},"rotation":{"x":0.12145973742008209,"y":-0.028289876878261567,"z":0.0034630964510142805,"w":0.992188572883606},"size":10.0,"orthographic":false}