{"cameraMode":{"drawMode":0,"name":"Shaded","section":"Shading Mode"},"sceneLighting":false,"audioPlay":false,"sceneViewState":{"showFog":true,"showMaterialUpdate":true,"showSkybox":false,"showFlares":true,"showImageEffects":true,"showParticleSystems":true},"in2DMode":false,"pivot":{"x":-1.862645149230957e-9,"y":0.05538058280944824,"z":-0.0013035312294960023},"rotation":{"x":0.2722797393798828,"y":0.11511778086423874,"z":-0.032829493284225467,"w":0.9547487497329712},"size":0.6325209140777588,"orthographic":false}