{"cameraMode":{"drawMode":0,"name":"Shaded","section":"Shading Mode"},"sceneLighting":false,"audioPlay":false,"sceneViewState":{"showFog":true,"showMaterialUpdate":true,"showSkybox":false,"showFlares":true,"showImageEffects":true,"showParticleSystems":true},"in2DMode":false,"pivot":{"x":0.2449965924024582,"y":0.36417174339294436,"z":0.06526421755552292},"rotation":{"x":0.09466789662837982,"y":0.002981067169457674,"z":-0.0002835408959072083,"w":0.9955092072486877},"size":0.5715767741203308,"orthographic":false}