{"cameraMode":{"drawMode":0,"name":"Shaded","section":"Shading Mode"},"sceneLighting":true,"audioPlay":false,"sceneViewState":{"showFog":true,"showMaterialUpdate":true,"showSkybox":true,"showFlares":true,"showImageEffects":true,"showParticleSystems":true},"in2DMode":false,"pivot":{"x":324.9140930175781,"y":82.52164459228516,"z":820.4953002929688},"rotation":{"x":0.09466789662837982,"y":0.002981067169457674,"z":-0.0002835408959072083,"w":0.9955092072486877},"size":1320.0,"orthographic":false}