{"cameraMode":{"drawMode":0,"name":"Shaded","section":"Shading Mode"},"sceneLighting":true,"audioPlay":false,"sceneViewState":{"showFog":true,"showMaterialUpdate":true,"showSkybox":true,"showFlares":true,"showImageEffects":true,"showParticleSystems":true},"in2DMode":false,"pivot":{"x":7.920332908630371,"y":-0.7622796893119812,"z":-15.340559959411621},"rotation":{"x":-0.014054380357265473,"y":-0.9580940008163452,"z":0.047765105962753299,"w":-0.2822837829589844},"size":22.0,"orthographic":false}