{"cameraMode":{"drawMode":0,"name":"Shaded","section":"Shading Mode"},"sceneLighting":true,"audioPlay":false,"sceneViewState":{"showFog":true,"showMaterialUpdate":true,"showSkybox":true,"showFlares":true,"showImageEffects":true,"showParticleSystems":true},"in2DMode":false,"pivot":{"x":2.6318552494049074,"y":0.5730409622192383,"z":-2.1094894409179689},"rotation":{"x":-0.040432944893836978,"y":0.9595323204994202,"z":-0.19281892478466035,"w":-0.20120801031589509},"size":10.0,"orthographic":false}