{"cameraMode":{"drawMode":0,"name":"Shaded","section":"Shading Mode"},"sceneLighting":false,"audioPlay":false,"sceneViewState":{"showFog":true,"showMaterialUpdate":true,"showSkybox":false,"showFlares":true,"showImageEffects":true,"showParticleSystems":true},"in2DMode":false,"pivot":{"x":14.936899185180664,"y":-1.0441992282867432,"z":8.620437622070313},"rotation":{"x":-0.12016306072473526,"y":-0.6203363537788391,"z":0.09670992195606232,"w":-0.7694790959358215},"size":8.70247745513916,"orthographic":false}