{"cameraMode":{"drawMode":0,"name":"Shaded","section":"Shading Mode"},"sceneLighting":true,"audioPlay":false,"sceneViewState":{"showFog":true,"showMaterialUpdate":true,"showSkybox":true,"showFlares":true,"showImageEffects":true,"showParticleSystems":true},"in2DMode":false,"pivot":{"x":18.205440521240236,"y":-12.000609397888184,"z":-1.9688372611999512},"rotation":{"x":-0.12916746735572816,"y":-0.7751185297966003,"z":0.17148840427398683,"w":-0.5946940183639526},"size":17.348756790161134,"orthographic":false}