{"cameraMode":{"drawMode":0,"name":"Shaded","section":"Shading Mode"},"sceneLighting":true,"audioPlay":false,"sceneViewState":{"showFog":true,"showMaterialUpdate":true,"showSkybox":false,"showFlares":true,"showImageEffects":true,"showParticleSystems":true},"in2DMode":false,"pivot":{"x":12.153741836547852,"y":-11.085958480834961,"z":-21.11481475830078},"rotation":{"x":-0.12589220702648164,"y":-0.6374285817146301,"z":0.10691728442907334,"w":-0.7528288960456848},"size":3.6373069286346437,"orthographic":false}