{"cameraMode":{"drawMode":0,"name":"Shaded","section":"Shading Mode"},"sceneLighting":true,"audioPlay":false,"sceneViewState":{"showFog":true,"showMaterialUpdate":true,"showSkybox":true,"showFlares":true,"showImageEffects":true,"showParticleSystems":true},"in2DMode":false,"pivot":{"x":12.615985870361329,"y":-1.1607794761657715,"z":-11.20329761505127},"rotation":{"x":-0.10062145441770554,"y":-0.8509507775306702,"z":0.17626309394836427,"w":-0.4851580560207367},"size":8.90841293334961,"orthographic":false}