{"cameraMode":{"drawMode":0,"name":"Shaded","section":"Shading Mode"},"sceneLighting":false,"audioPlay":false,"sceneViewState":{"showFog":true,"showMaterialUpdate":true,"showSkybox":false,"showFlares":true,"showImageEffects":true,"showParticleSystems":true},"in2DMode":false,"pivot":{"x":-6.957273483276367,"y":0.44630298018455508,"z":1.1218090057373047},"rotation":{"x":-0.03548261150717735,"y":0.9378429055213928,"z":-0.33107462525367739,"w":-0.10193793475627899},"size":0.4979192316532135,"orthographic":false}