{"cameraMode":{"drawMode":0,"name":"Shaded","section":"Shading Mode"},"sceneLighting":false,"audioPlay":false,"sceneViewState":{"showFog":true,"showMaterialUpdate":true,"showSkybox":false,"showFlares":true,"showImageEffects":true,"showParticleSystems":true},"in2DMode":false,"pivot":{"x":-0.05493462085723877,"y":-0.12638512253761292,"z":-0.015436768531799317},"rotation":{"x":0.059911858290433887,"y":0.9047433137893677,"z":-0.13562993705272675,"w":0.39947450160980227},"size":1.1732707023620606,"orthographic":false}