{"cameraMode":{"drawMode":0,"name":"Shaded","section":"Shading Mode"},"sceneLighting":false,"audioPlay":false,"sceneViewState":{"showFog":true,"showMaterialUpdate":true,"showSkybox":false,"showFlares":true,"showImageEffects":true,"showParticleSystems":true},"in2DMode":false,"pivot":{"x":-1.862645149230957e-9,"y":0.05538058280944824,"z":-0.0013035312294960023},"rotation":{"x":0.03944631293416023,"y":0.9022279977798462,"z":-0.08442185819149018,"w":0.42122066020965578},"size":0.6325209140777588,"orthographic":false}