{"cameraMode":{"drawMode":0,"name":"Shaded","section":"Shading Mode"},"sceneLighting":true,"audioPlay":false,"sceneViewState":{"showFog":true,"showMaterialUpdate":true,"showSkybox":true,"showFlares":true,"showImageEffects":true,"showParticleSystems":true},"in2DMode":false,"pivot":{"x":2.560490608215332,"y":1.3855425119400025,"z":-6.527063369750977},"rotation":{"x":-0.011485452763736248,"y":-0.9426212310791016,"z":0.03763144463300705,"w":-0.3324786424636841},"size":0.1346408724784851,"orthographic":false}