{"cameraMode":{"drawMode":0,"name":"Shaded","section":"Shading Mode"},"sceneLighting":true,"audioPlay":false,"sceneViewState":{"showFog":true,"showMaterialUpdate":true,"showSkybox":false,"showFlares":true,"showImageEffects":true,"showParticleSystems":true},"in2DMode":false,"pivot":{"x":-7.489418029785156,"y":-1.4492419958114625,"z":-12.551719665527344},"rotation":{"x":0.008273523300886155,"y":0.9920318722724915,"z":-0.09133376181125641,"w":0.08954545110464096},"size":14.449539184570313,"orthographic":false}