{"cameraMode":{"drawMode":0,"name":"Shaded","section":"Shading Mode"},"sceneLighting":false,"audioPlay":false,"sceneViewState":{"showFog":true,"showMaterialUpdate":true,"showSkybox":false,"showFlares":true,"showImageEffects":true,"showParticleSystems":true},"in2DMode":false,"pivot":{"x":-4.017994403839111,"y":0.19564570486545564,"z":0.9999996423721314},"rotation":{"x":0.009462641552090645,"y":0.9841001629829407,"z":-0.16933275759220124,"w":0.055186763405799869},"size":0.2639254331588745,"orthographic":false}