{"cameraMode":{"drawMode":0,"name":"Shaded","section":"Shading Mode"},"sceneLighting":true,"audioPlay":false,"sceneViewState":{"showFog":true,"showMaterialUpdate":true,"showSkybox":true,"showFlares":true,"showImageEffects":true,"showParticleSystems":true},"in2DMode":false,"pivot":{"x":-0.7655870914459229,"y":1.1106648445129395,"z":5.040457725524902},"rotation":{"x":0.08604719489812851,"y":0.5647881031036377,"z":-0.060417771339416507,"w":0.8188071250915527},"size":0.9054949879646301,"orthographic":false}