{"cameraMode":{"drawMode":0,"name":"Shaded","section":"Shading Mode"},"sceneLighting":false,"audioPlay":false,"sceneViewState":{"showFog":true,"showMaterialUpdate":true,"showSkybox":false,"showFlares":true,"showImageEffects":true,"showParticleSystems":true},"in2DMode":false,"pivot":{"x":0.17053024470806123,"y":1.4446651935577393,"z":-3.0396320819854738},"rotation":{"x":0.16307157278060914,"y":-0.01917559839785099,"z":0.0033874507062137129,"w":0.986574649810791},"size":0.6609092950820923,"orthographic":false}