{"cameraMode":{"drawMode":0,"name":"Shaded","section":"Shading Mode"},"sceneLighting":true,"audioPlay":false,"sceneViewState":{"showFog":true,"showMaterialUpdate":true,"showSkybox":true,"showFlares":true,"showImageEffects":true,"showParticleSystems":true},"in2DMode":false,"pivot":{"x":5.28714656829834,"y":3.288658380508423,"z":-3.4754536151885988},"rotation":{"x":0.009778293780982495,"y":0.9216461777687073,"z":-0.02714300900697708,"w":0.38767510652542117},"size":10.0,"orthographic":false}