{"cameraMode":{"drawMode":0,"name":"Shaded","section":"Shading Mode"},"sceneLighting":false,"audioPlay":false,"sceneViewState":{"showFog":true,"showMaterialUpdate":true,"showSkybox":false,"showFlares":true,"showImageEffects":true,"showParticleSystems":true},"in2DMode":false,"pivot":{"x":-8.0,"y":-2.2491440176963807e-7,"z":0.9234628081321716},"rotation":{"x":-0.03548261150717735,"y":0.9378429055213928,"z":-0.33107462525367739,"w":-0.10193793475627899},"size":0.46001166105270388,"orthographic":false}