{"cameraMode":{"drawMode":0,"name":"Shaded","section":"Shading Mode"},"sceneLighting":false,"audioPlay":false,"sceneViewState":{"showFog":true,"showMaterialUpdate":true,"showSkybox":false,"showFlares":true,"showImageEffects":true,"showParticleSystems":true},"in2DMode":false,"pivot":{"x":-0.21482019126415254,"y":0.7494518756866455,"z":-0.17222687602043153},"rotation":{"x":0.24630381166934968,"y":0.6674587726593018,"z":-0.2503301799297333,"w":0.656728982925415},"size":0.5715767741203308,"orthographic":false}