{"cameraMode":{"drawMode":0,"name":"Shaded","section":"Shading Mode"},"sceneLighting":true,"audioPlay":false,"sceneViewState":{"showFog":true,"showMaterialUpdate":true,"showSkybox":true,"showFlares":true,"showImageEffects":true,"showParticleSystems":true},"in2DMode":false,"pivot":{"x":1.939857006072998,"y":1.548493504524231,"z":3.887490749359131},"rotation":{"x":-0.021588170900940896,"y":-0.47693750262260439,"z":-0.011799209751188755,"w":0.8787145018577576},"size":0.07088742405176163,"orthographic":false}