{"cameraMode":{"drawMode":0,"name":"Shaded","section":"Shading Mode"},"sceneLighting":false,"audioPlay":false,"sceneViewState":{"showFog":true,"showMaterialUpdate":true,"showSkybox":false,"showFlares":true,"showImageEffects":true,"showParticleSystems":true},"in2DMode":false,"pivot":{"x":3.471966505050659,"y":1.5137269496917725,"z":-6.010300159454346},"rotation":{"x":0.00983499176800251,"y":0.9421330094337463,"z":-0.027703864499926568,"w":0.33434200286865237},"size":0.11309456825256348,"orthographic":false}