{"cameraMode":{"drawMode":0,"name":"Shaded","section":"Shading Mode"},"sceneLighting":false,"audioPlay":false,"sceneViewState":{"showFog":true,"showMaterialUpdate":true,"showSkybox":false,"showFlares":true,"showImageEffects":true,"showParticleSystems":true},"in2DMode":false,"pivot":{"x":4.825078964233398,"y":0.3683828115463257,"z":4.214236736297607},"rotation":{"x":-0.1711086928844452,"y":-0.578305184841156,"z":0.1256237030029297,"w":-0.7877275347709656},"size":0.816605269908905,"orthographic":false}