{"cameraMode":{"drawMode":0,"name":"Shaded","section":"Shading Mode"},"sceneLighting":false,"audioPlay":false,"sceneViewState":{"showFog":true,"showMaterialUpdate":true,"showSkybox":false,"showFlares":true,"showImageEffects":true,"showParticleSystems":true},"in2DMode":false,"pivot":{"x":0.13827478885650636,"y":-0.11111873388290405,"z":-0.5035997629165649},"rotation":{"x":0.02235753834247589,"y":0.9771209955215454,"z":-0.13153532147407533,"w":0.166012242436409},"size":0.866996169090271,"orthographic":false}