{"cameraMode":{"drawMode":0,"name":"Shaded","section":"Shading Mode"},"sceneLighting":true,"audioPlay":false,"sceneViewState":{"showFog":true,"showMaterialUpdate":true,"showSkybox":true,"showFlares":true,"showImageEffects":true,"showParticleSystems":true},"in2DMode":false,"pivot":{"x":-4.269872188568115,"y":2.7799789905548097,"z":2.028754949569702},"rotation":{"x":0.06951890140771866,"y":0.9274646639823914,"z":-0.2876216471195221,"w":0.22986145317554475},"size":0.1346408724784851,"orthographic":false}