{"cameraMode":{"drawMode":0,"name":"Shaded","section":"Shading Mode"},"sceneLighting":true,"audioPlay":false,"sceneViewState":{"showFog":true,"showMaterialUpdate":true,"showSkybox":false,"showFlares":true,"showImageEffects":true,"showParticleSystems":true},"in2DMode":false,"pivot":{"x":0.7380740642547607,"y":-5.818737983703613,"z":-18.184978485107423},"rotation":{"x":-0.0042509357444942,"y":-0.9878040552139282,"z":0.15567003190517426,"w":-0.02617322839796543},"size":20.20524024963379,"orthographic":false}