{"cameraMode":{"drawMode":0,"name":"Shaded","section":"Shading Mode"},"sceneLighting":true,"audioPlay":false,"sceneViewState":{"showFog":true,"showMaterialUpdate":true,"showSkybox":true,"showFlares":true,"showImageEffects":true,"showParticleSystems":true},"in2DMode":false,"pivot":{"x":0.09646876901388169,"y":1.0580995082855225,"z":5.307967662811279},"rotation":{"x":0.04658576846122742,"y":0.7979469895362854,"z":-0.06474146246910095,"w":0.5979099869728088},"size":1.2298988103866578,"orthographic":false}