{"cameraMode":{"drawMode":0,"name":"Shaded","section":"Shading Mode"},"sceneLighting":true,"audioPlay":false,"sceneViewState":{"showFog":true,"showMaterialUpdate":true,"showSkybox":false,"showFlares":true,"showImageEffects":true,"showParticleSystems":true},"in2DMode":false,"pivot":{"x":5.960464477539063e-8,"y":0.3418589234352112,"z":-2.2351741790771486e-8},"rotation":{"x":-0.14802156388759614,"y":-0.7408337593078613,"z":0.17394937574863435,"w":-0.6319352388381958},"size":0.4090052843093872,"orthographic":false}