{"cameraMode":{"drawMode":0,"name":"Shaded","section":"Shading Mode"},"sceneLighting":false,"audioPlay":false,"sceneViewState":{"showFog":true,"showMaterialUpdate":true,"showSkybox":false,"showFlares":true,"showImageEffects":true,"showParticleSystems":true},"in2DMode":false,"pivot":{"x":12.925141334533692,"y":1.999999761581421,"z":6.0},"rotation":{"x":-0.002151972148567438,"y":0.9922677278518677,"z":-0.024238625541329385,"w":-0.12515437602996827},"size":0.6000622510910034,"orthographic":false}