{"cameraMode":{"drawMode":0,"name":"Shaded","section":"Shading Mode"},"sceneLighting":false,"audioPlay":false,"sceneViewState":{"showFog":true,"showMaterialUpdate":true,"showSkybox":false,"showFlares":true,"showImageEffects":true,"showParticleSystems":true},"in2DMode":false,"pivot":{"x":4.0879998207092289,"y":1.0563000440597535,"z":-9.105400085449219},"rotation":{"x":-0.002319103805348277,"y":0.9934626221656799,"z":0.01301603950560093,"w":0.11518970876932144},"size":10.0,"orthographic":false}