{"cameraMode":{"drawMode":0,"name":"Shaded","section":"Shading Mode"},"sceneLighting":true,"audioPlay":false,"sceneViewState":{"showFog":true,"showMaterialUpdate":true,"showSkybox":false,"showFlares":true,"showImageEffects":true,"showParticleSystems":true},"in2DMode":false,"pivot":{"x":14.157812118530274,"y":0.20684170722961427,"z":10.352834701538086},"rotation":{"x":-0.14849303662776948,"y":-0.4577477276325226,"z":0.07763729989528656,"w":-0.873468279838562},"size":6.635339260101318,"orthographic":false}