{"cameraMode":{"drawMode":0,"name":"Shaded","section":"Shading Mode"},"sceneLighting":false,"audioPlay":false,"sceneViewState":{"showFog":true,"showMaterialUpdate":true,"showSkybox":false,"showFlares":true,"showImageEffects":true,"showParticleSystems":true},"in2DMode":false,"pivot":{"x":-0.17614197731018067,"y":0.04602253437042236,"z":-0.7719445824623108},"rotation":{"x":0.13567091524600984,"y":0.5376512408256531,"z":-0.08784255385398865,"w":0.8277116417884827},"size":1.1787728071212769,"orthographic":false}