{"cameraMode":{"drawMode":0,"name":"Shaded","section":"Shading Mode"},"sceneLighting":true,"audioPlay":false,"sceneViewState":{"showFog":true,"showMaterialUpdate":true,"showSkybox":true,"showFlares":true,"showImageEffects":true,"showParticleSystems":true},"in2DMode":false,"pivot":{"x":-0.43467193841934206,"y":-0.21287789940834046,"z":1.6304832696914673},"rotation":{"x":0.17020823061466218,"y":-0.13985846936702729,"z":0.024625757709145547,"w":0.9752743244171143},"size":2.8578836917877199,"orthographic":false}