{"cameraMode":{"drawMode":0,"name":"Shaded","section":"Shading Mode"},"sceneLighting":true,"audioPlay":false,"sceneViewState":{"showFog":true,"showMaterialUpdate":true,"showSkybox":true,"showFlares":true,"showImageEffects":true,"showParticleSystems":true},"in2DMode":false,"pivot":{"x":-4.225220203399658,"y":1.9026011228561402,"z":1.075652003288269},"rotation":{"x":0.06604589521884918,"y":0.8689895272254944,"z":-0.12274724990129471,"w":0.4753047823905945},"size":0.9054949879646301,"orthographic":false}