{"cameraMode":{"drawMode":0,"name":"Shaded","section":"Shading Mode"},"sceneLighting":true,"audioPlay":false,"sceneViewState":{"showFog":true,"showMaterialUpdate":true,"showSkybox":true,"showFlares":true,"showImageEffects":true,"showParticleSystems":true},"in2DMode":false,"pivot":{"x":4.3651123046875,"y":1.494658350944519,"z":4.0908989906311039},"rotation":{"x":-0.25762832164764407,"y":-0.24200645089149476,"z":0.06682374328374863,"w":-0.9330657124519348},"size":0.35443615913391116,"orthographic":false}