{"cameraMode":{"drawMode":0,"name":"Shaded","section":"Shading Mode"},"sceneLighting":false,"audioPlay":false,"sceneViewState":{"showFog":true,"showMaterialUpdate":true,"showSkybox":false,"showFlares":true,"showImageEffects":true,"showParticleSystems":true},"in2DMode":false,"pivot":{"x":-0.0162841584533453,"y":0.4568040072917938,"z":-0.25183436274528506},"rotation":{"x":0.17724096775054933,"y":0.1964552402496338,"z":-0.035904429852962497,"w":0.9638482928276062},"size":0.6609092950820923,"orthographic":false}