{"cameraMode":{"drawMode":0,"name":"Shaded","section":"Shading Mode"},"sceneLighting":false,"audioPlay":false,"sceneViewState":{"showFog":true,"showMaterialUpdate":true,"showSkybox":false,"showFlares":true,"showImageEffects":true,"showParticleSystems":true},"in2DMode":false,"pivot":{"x":1.5821274518966675,"y":0.9470183849334717,"z":-5.450579643249512},"rotation":{"x":-0.010683399625122548,"y":-0.9868456125259399,"z":0.07146860659122467,"w":-0.14578065276145936},"size":11.541150093078614,"orthographic":false}