{"cameraMode":{"drawMode":0,"name":"Shaded","section":"Shading Mode"},"sceneLighting":false,"audioPlay":false,"sceneViewState":{"showFog":true,"showMaterialUpdate":true,"showSkybox":false,"showFlares":true,"showImageEffects":true,"showParticleSystems":true},"in2DMode":false,"pivot":{"x":0.0,"y":0.025937501341104509,"z":-1.4700000286102296},"rotation":{"x":0.12300986051559448,"y":0.6636196970939636,"z":-0.11156339943408966,"w":0.7296091318130493},"size":1.1787728071212769,"orthographic":false}