{"cameraMode":{"drawMode":0,"name":"Shaded","section":"Shading Mode"},"sceneLighting":true,"audioPlay":false,"sceneViewState":{"showFog":true,"showMaterialUpdate":true,"showSkybox":true,"showFlares":true,"showImageEffects":true,"showParticleSystems":true},"in2DMode":false,"pivot":{"x":4.725319862365723,"y":1.0315865278244019,"z":5.511086463928223},"rotation":{"x":-0.0017281653126701713,"y":1.0001925230026246,"z":-0.004784771241247654,"w":-0.014063041657209397},"size":0.1346408724784851,"orthographic":false}