{"cameraMode":{"drawMode":0,"name":"Shaded","section":"Shading Mode"},"sceneLighting":false,"audioPlay":false,"sceneViewState":{"showFog":true,"showMaterialUpdate":true,"showSkybox":false,"showFlares":true,"showImageEffects":true,"showParticleSystems":true},"in2DMode":false,"pivot":{"x":3.504193067550659,"y":1.5079787969589234,"z":-6.35453987121582},"rotation":{"x":0.009462641552090645,"y":0.9841001629829407,"z":-0.16933275759220124,"w":0.055186763405799869},"size":0.26692232489585879,"orthographic":false}