{"cameraMode":{"drawMode":0,"name":"Shaded","section":"Shading Mode"},"sceneLighting":false,"audioPlay":false,"sceneViewState":{"showFog":true,"showMaterialUpdate":true,"showSkybox":false,"showFlares":true,"showImageEffects":true,"showParticleSystems":true},"in2DMode":false,"pivot":{"x":0.21466833353042603,"y":1.1584322452545167,"z":-3.8281617164611818},"rotation":{"x":-0.01626388542354107,"y":0.9813455939292908,"z":-0.08872651308774948,"w":-0.17096617817878724},"size":0.9054949879646301,"orthographic":false}