{"cameraMode":{"drawMode":0,"name":"Shaded","section":"Shading Mode"},"sceneLighting":false,"audioPlay":false,"sceneViewState":{"showFog":true,"showMaterialUpdate":true,"showSkybox":false,"showFlares":true,"showImageEffects":true,"showParticleSystems":true},"in2DMode":false,"pivot":{"x":0.09933197498321533,"y":-0.03025902807712555,"z":0.07808160781860352},"rotation":{"x":0.03944631293416023,"y":0.9022279977798462,"z":-0.08442185819149018,"w":0.42122066020965578},"size":1.1696393489837647,"orthographic":false}