{"cameraMode":{"drawMode":0,"name":"Shaded","section":"Shading Mode"},"sceneLighting":false,"audioPlay":false,"sceneViewState":{"showFog":true,"showMaterialUpdate":true,"showSkybox":false,"showFlares":true,"showImageEffects":true,"showParticleSystems":true},"in2DMode":false,"pivot":{"x":-0.619828462600708,"y":1.2591707706451417,"z":0.04802515357732773},"rotation":{"x":0.22141654789447785,"y":0.6411957144737244,"z":-0.2005339115858078,"w":0.7070568799972534},"size":0.6609092950820923,"orthographic":false}