{"cameraMode":{"drawMode":0,"name":"Shaded","section":"Shading Mode"},"sceneLighting":true,"audioPlay":false,"sceneViewState":{"showFog":true,"showMaterialUpdate":true,"showSkybox":true,"showFlares":true,"showImageEffects":true,"showParticleSystems":true},"in2DMode":false,"pivot":{"x":2.540980339050293,"y":4.803063869476318,"z":7.435446262359619},"rotation":{"x":-0.05283622816205025,"y":0.9417453408241272,"z":-0.17452317476272584,"w":-0.28377801179885867},"size":8.90841293334961,"orthographic":false}