{"cameraMode":{"drawMode":0,"name":"Shaded","section":"Shading Mode"},"sceneLighting":false,"audioPlay":false,"sceneViewState":{"showFog":true,"showMaterialUpdate":true,"showSkybox":false,"showFlares":true,"showImageEffects":true,"showParticleSystems":true},"in2DMode":false,"pivot":{"x":-0.3546335697174072,"y":-0.45426398515701296,"z":-3.227543354034424},"rotation":{"x":0.0919843465089798,"y":-0.7207032442092896,"z":0.09746138006448746,"w":0.6803869009017944},"size":10.0,"orthographic":false}