{"cameraMode":{"drawMode":0,"name":"Shaded","section":"Shading Mode"},"sceneLighting":true,"audioPlay":false,"sceneViewState":{"showFog":true,"showMaterialUpdate":true,"showSkybox":true,"showFlares":true,"showImageEffects":true,"showParticleSystems":true},"in2DMode":false,"pivot":{"x":18.936365127563478,"y":4.868058204650879,"z":-51.0499267578125},"rotation":{"x":-0.005156434141099453,"y":0.9805553555488586,"z":0.029254846274852754,"w":0.19600574672222138},"size":57.25090026855469,"orthographic":false}