{"cameraMode":{"drawMode":0,"name":"Shaded","section":"Shading Mode"},"sceneLighting":false,"audioPlay":false,"sceneViewState":{"showFog":true,"showMaterialUpdate":true,"showSkybox":false,"showFlares":true,"showImageEffects":true,"showParticleSystems":true},"in2DMode":false,"pivot":{"x":-0.5142461061477661,"y":0.40637221932411196,"z":0.47385552525520327},"rotation":{"x":0.07863056659698487,"y":0.8552219867706299,"z":-0.13608460128307343,"w":0.4939815402030945},"size":1.1696393489837647,"orthographic":false}