{"cameraMode":{"drawMode":0,"name":"Shaded","section":"Shading Mode"},"sceneLighting":false,"audioPlay":false,"sceneViewState":{"showFog":true,"showMaterialUpdate":true,"showSkybox":false,"showFlares":true,"showImageEffects":true,"showParticleSystems":true},"in2DMode":false,"pivot":{"x":5.0,"y":0.3498227000236511,"z":5.004035949707031},"rotation":{"x":0.13058431446552277,"y":0.702733039855957,"z":-0.13351935148239137,"w":0.6869105100631714},"size":2.2179927825927736,"orthographic":false}